<?xml version="1.0"?>
<data grt_format="2.0">
  <value _ptr_="0000000022AFBC00" type="list" content-type="object" content-struct-name="db.mgmt.ServerInstance">
    <value type="object" struct-name="db.mgmt.ServerInstance" id="{0D4594DE-1AD8-4C05-A8B1-B763F11703F5}" struct-checksum="0x367436e2">
      <link type="object" struct-name="db.mgmt.Connection" key="connection">{2F64CFFB-BD53-455B-9397-D9425552B7BB}</link>
      <value _ptr_="00000000233A9610" type="dict" key="loginInfo">
        <value type="string" key="wmi.hostName"></value>
        <value type="string" key="wmi.userName"></value>
      </value>
      <value _ptr_="00000000233A97F0" type="dict" key="serverInfo">
        <value type="string" key="detected_os_name">Windows 7 Ultimate</value>
        <value type="string" key="detected_os_type">windows</value>
        <value type="string" key="detected_os_variant">Windows</value>
        <value type="string" key="detected_os_version">Microsoft Windows [Version 6.1.7601]</value>
        <value type="string" key="errorLogFilePath">ADMIN-PC.err</value>
        <value type="int" key="setupPending">1</value>
        <value type="string" key="sys.config.path">C:\ProgramData\MySQL\MySQL Server 8.0\my.ini</value>
        <value type="int" key="sys.config.path.lock">1</value>
        <value type="string" key="sys.config.section">mysqld</value>
        <value type="string" key="sys.mysqld.service_name">MySQL80</value>
        <value type="string" key="sys.preset">Custom</value>
        <value type="string" key="sys.system">Windows</value>
        <value type="int" key="sys.usesudo">1</value>
        <value type="int" key="sys.usesudostatus">0</value>
        <value type="int" key="windowsAdmin">1</value>
      </value>
      <value type="string" key="name">Local MySQL80</value>
    </value>
  </value>
</data>
